Business N,VBSC,City,State,Business W,Business M,CSA,Food-Hub,Cooperativ,Online (De,Legal Stru,National,Regional,County,Produce,Dairy,Meat,Eggs,Seafood,Value-Adde,Preserves/,Health/Nut,Fresh,Local,Sustainabl,Fair,Community,Humane (An,AHSF,Education,Commerce/E,Affordabil,Transparen,Organic,Accessabil,addrtype,addrlocat,lon,lat
Moore Farms and Friends,1,Woodland,AL,https://www.moorefarmsandfriends.com/store/pc/viewContent.asp?idpage=10,.,0,1,0,1,.,0,1,0,0,1,1,1,1,0,1,1,1,1,1,1,0,0,1,1,0,0,0,0,0,1,1,-87.82281,34.75064
Manna Market,1,Birmingham,AL,http://shop.mannamarket.net/,.,1,1,1,0,cooperative,0,0,1,0,1,1,1,1,1,1,1,1,0,1,1,0,0,0,0,0,1,0,1,0,1,0,-86.80243,33.52068
Grow Alabama,1,Birmingham,AL,http://growalabama.com/,.,1,1,0,0,.,0,0,1,0,1,1,1,1,1,0,0,0,0,0,1,0,0,0,0,0,0,0,0,0,1,0,-86.80243,33.52068
Russellville Community Market,1,Russellville,AR,http://russellville.locallygrown.net/,.,0,1,0,1,.,0,0,1,0,1,1,1,1,0,1,1,0,0,1,0,0,0,0,0,0,0,0,0,0,0,0,-93.13379,35.27842
Farm2Work,1,Little Rock,AR,http://farm2work.locallygrown.net/,.,0,0,0,1,.,0,0,1,0,1,1,1,1,0,1,1,0,0,1,0,0,0,0,0,0,0,0,0,0,0,0,-92.26515,34.73403
"Arkansas Delta Seeds of Change, Inc",1,Forrest City,AR,N/A,.,0,0,1,0,cooperative,0,0,1,0,1,0,0,0,0,0,0,1,0,0,1,0,1,0,0,0,1,0,0,0,0,1,-90.78983,35.00815
Little Rock Local Food Club,1,Little Rock,AR,http://littlerock.locallygrown.net/,.,0,1,0,0,.,0,0,1,0,1,1,1,1,0,1,1,1,0,1,1,0,1,1,1,0,0,0,0,0,1,1,-92.26515,34.73403
Foodshed Farm,1,Grady,AR,http://www.foodshedfarms.com/,.,1,0,0,0,.,0,0,1,0,1,0,1,0,0,0,0,1,0,1,1,0,0,0,0,0,1,0,0,0,0,0,-91.70068,34.0801
"YCGrown, the Yavapai County Farmers & Ranchers Cooperative",1,Chino Valley,AZ,http://www.ycgrown.com/,.,0,1,0,1,non-profit,0,0,1,0,1,0,0,0,0,0,0,,1,1,1,1,0,0,0,0,0,0,0,0,0,0,-112.45378,34.75752
Downtown Phoenix Public Market (Community Food Connections),1,Phoenix,AZ,http://phxpublicmarket.com/openair/,.,0,1,0,0,.,0,0,1,0,1,1,1,1,0,1,1,1,1,1,1,0,1,1,1,0,0,0,0,0,0,0,-112.03876,33.47022
Chow Locally,1,Phoenix,AZ,https://www.chowlocally.com/,.,1,0,0,0,.,0,0,0,1,1,0,0,1,0,1,0,0,0,1,1,0,0,0,0,0,0,0,0,0,1,0,-112.07735,33.44859
Farm 2 Family Direct,1,Nevada City,CA,http://www.farm2familydirect.com/,.,0,1,1,1,cooperative,0,1,0,0,1,1,1,1,0,1,1,0,0,1,1,0,0,0,0,0,0,0,0,0,1,0,-121.01606,39.26156
Capay Valley Farm Shop,1,Esparto,CA,http://capayvalleyfarmshop.com/,,1,1,0,1,.,0,0,1,0,1,0,1,1,0,1,1,0,0,1,0,0,0,0,0,0,0,0,0,0,1,0,-122.02137,38.69459
Tahoe Food Hub,1,Truckee,CA,http://www.tahoefoodhub.org/,.,0,1,0,0,non-profit,0,0,1,0,1,1,1,1,0,1,1,1,1,1,1,1,1,1,1,0,1,0,0,0,1,1,-120.18325,39.32796
Village Market Place,1,Los Angeles,CA,http://csuinc.org/programs/village-market-place/,.,0,1,0,0,.,0,0,0,1,1,0,0,0,0,0,0,1,1,1,0,0,1,0,0,0,0,0,0,0,1,1,-118.24394,34.05439
Mandela Marketplace,1,Oakland,CA,http://www.mandelamarketplace.org/#!madelafoods/cs4q,.,0,1,0,0,non-profit,0,0,0,1,1,0,0,0,0,1,0,1,0,1,0,0,1,0,0,0,0,0,0,0,1,1,-122.27136,37.80446
Agriculture and Land-Based Training Association (ALBA) Organics,1,Salinas,CA,http://www.albafarmers.org,distributor; wholesaler; farm-to-business/institution,0,1,0,0,non-profit,0,0,1,0,1,0,0,0,0,0,0,0,0,1,1,0,0,0,0,0,1,0,0,0,1,0,-121.65601,36.67771
Veritable Vegetable,1,San Francisco,CA,http://www.veritablevegetable.com/,.,0,1,0,0,b corp,1,0,0,0,1,0,0,0,0,0,0,1,0,0,1,1,1,0,0,0,0,0,0,0,1,0,-122.41924,37.77928
Harvest Santa Barbara,1,Santa Barbara,CA,http://www.harvestsantabarbara.com/,.,0,1,0,0,.,0,0,1,0,1,0,0,0,0,0,0,1,0,1,1,0,0,0,0,0,0,0,0,0,1,0,-120.482,34.87379
Sonoma Organics,1,Sebastopol,CA,http://www.sonomaorganics.com/,.,0,1,0,0,s corp,0,0,1,0,1,1,0,0,0,1,0,1,0,1,1,0,0,0,0,0,0,0,0,0,1,0,-122.82388,38.40214
Ojai Pixie Growers Association,1,Ojai,CA,http://www.ojaipixies.com/,.,0,1,0,0,.,0,0,1,0,1,0,0,0,0,0,0,1,1,1,0,0,0,0,0,0,0,0,0,0,1,0,-119.24289,34.44805
New Roots Food Hub at the International Rescue Committee (IRC),1,San Diego,CA,http://www.rescue.org/us-program/us-san-diego-ca/food-hub,.,0,1,0,0,.,0,0,0,1,1,0,0,0,0,0,0,0,1,1,1,0,0,0,0,0,1,0,0,0,0,0,-117.16277,32.71742
f.e.e.d Sonoma,1,Sebastopol,CA,http://feedsonoma.com/,.,0,1,0,0,.,0,0,1,0,1,0,0,0,0,0,0,1,1,1,1,1,1,0,0,0,0,0,0,0,0,0,-122.82388,38.40214
Inland Orange Conservancy (Old Grove Oranges),1,Mentone,CA,http://oldgrovefarmshare.com/,.,0,1,0,0,.,0,0,1,0,1,0,0,0,0,0,0,1,1,1,1,1,1,0,0,0,0,0,0,0,0,0,-117.10961,34.05884
"South Central Farmers Cooperative, LLC",1,Sun Valley,CA,https://www.southcentralfarmers.com/,.,1,0,0,0,.,0,0,0,1,1,0,0,0,0,0,0,1,1,1,1,0,1,0,0,0,0,0,0,0,1,0,-118.37036,34.2175
Phat Beets Produce,1,Oakland,CA,http://www.phatbeetsproduce.org/,.,1,0,0,0,.,0,0,0,1,1,0,0,0,0,0,0,1,1,1,0,0,1,0,0,0,0,0,0,0,1,0,-122.27136,37.80446
Swanton Berry Farm,1,Davenport,CA,http://www.swantonberryfarm.com/,primary food producers and harvesters,0,0,0,0,.,0,0,1,0,1,0,0,0,0,0,0,0,0,0,0,0,0,0,0,0,1,0,0,0,1,0,-122.19511,37.0107
Santa Monica Farmers Markets,1,Santa Monica,CA,http://www.smgov.net/portals/farmersmarket/,.,,,,,.,0,0,0,1,1,1,1,1,1,1,1,0,0,0,0,0,1,0,0,1,0,0,0,0,1,0,-118.48697,34.01956
Arkansas Valley Organic Growers,1,Fowler,CO,http://www.headwatersgrowers.coop,CSA; buying club,1,1,1,1,farmer-owned cooperative,0,0,1,0,1,1,1,1,0,0,0,0,0,1,1,0,0,0,0,0,0,0,0,0,1,0,-87.32085,40.6167
Ranch Foods Direct LLC,1,Colorado Springs,CO,http://ranchfoodsdirect.com/,.,0,1,0,1,LLC,0,0,0,1,0,1,1,0,1,1,1,0,0,1,1,0,0,1,,0,0,0,0,0,0,0,-104.82535,38.83396
LoCo Food Distribution,1,Fort Collins,CO,http://www.locofooddistribution.com/,.,0,1,0,0,LLC,0,0,1,0,1,1,1,1,0,1,1,1,0,1,1,1,1,0,1,0,0,0,0,1,1,0,-105.10259,40.56626
Homestead Meats,1,Delta,CO,http://www.homesteadmeats.com/,.,0,0,0,0,.,0,0,0,1,0,0,1,0,0,0,0,0,0,1,1,0,0,1,1,0,0,0,0,0,0,0,-108.06896,38.74221
"Connecticut Farm Fresh Express, LLC",1,East Haddam,CT,http://www.ctffe.com/index.htm,.,0,1,0,1,LLC,0,0,1,0,1,1,1,1,0,1,1,0,0,1,0,0,0,1,0,0,0,0,0,0,1,0,-72.4612,41.45315
The Farmer's Cow,1,Lebanon,CT,http://www.thefarmerscow.com/,.,0,1,0,0,.,0,0,1,0,0,1,0,0,0,1,0,0,1,1,0,0,0,1,1,0,0,0,0,0,0,0,-72.21258,41.63621
DC Central Kitchen,1,Washington,DC,http://www.dccentralkitchen.org/,.,0,1,0,0,.,0,0,0,1,1,0,0,0,0,0,0,1,0,1,0,0,1,0,0,1,0,0,1,0,0,1,-77.03665,38.89495
FarmFresh2U,1,Longwood,FL,http://www.farmfresh2u.us/,.,0,1,0,1,.,1,0,0,0,1,1,1,1,1,1,1,1,0,0,1,0,0,1,0,0,0,0,1,0,1,1,-81.34928,28.70072
Red Hill Online Farmers Market,1,Tallahassee,FL,https://www.rhomarket.com/,.,0,1,0,1,.,0,0,1,0,1,1,1,1,0,1,1,0,0,1,0,0,0,0,0,0,1,1,0,0,0,0,-84.35725,30.53657
New North FL Cooperative,1,Marianna,FL,http://newnorthfloridacoop.com/index_files/nnfc.htm,.,0,0,1,0,cooperative,0,0,1,0,1,0,0,0,0,0,0,0,1,1,0,1,0,0,0,0,0,0,0,0,0,0,-85.22687,30.77436
Suncoast Food Alliance,1,Tampa Bay,FL,http://suncoastfoodalliance.com/,.,,,,0,LLC,0,0,1,0,1,1,1,1,0,1,1,1,1,1,1,0,0,1,1,0,0,1,0,0,1,0,-82.57232,27.68864
Northeast Georgia Locally Grown,1,Clarksville,GA,http://northeastgeorgia.locallygrown.net/,.,0,1,0,1,.,0,1,0,0,1,1,1,1,0,1,1,1,1,1,1,0,0,1,1,0,0,0,0,0,1,0,-85.76021,38.29678
The Turnip Truck,1,Atlanta,GA,http://www.turniptruckga.com/,.,0,1,0,1,.,0,1,0,0,1,1,1,1,0,1,1,0,1,1,1,0,0,0,0,0,0,0,0,0,1,0,-84.39018,33.7491
Coastal Georgia Small Farmers Cooperative,1,Glenville,GA,http://www.cgsfc.com/,.,0,0,1,0,cooperative,0,0,1,0,1,0,0,0,0,0,0,0,1,1,1,0,0,0,0,0,0,0,0,0,0,0,-81.61734,41.53331
Global Growers Network,1,Avondale Estates,GA,http://www.globalgrowers.org/,.,1,1,0,0,.,0,0,1,0,1,1,0,1,0,1,1,0,0,1,1,0,,0,0,0,1,1,0,0,0,0,-84.26714,33.77149
Fulton County Cooperative Fresh Mobile Farmers' Market,1,Atlanta,GA,http://www.blankfoundation.org/sites/default/files/food-oasis/Fulton%20Fresh%20Mobile%20Farmers%20Market%20Resource%20Letter_v030614.pdf,.,0,1,0,0,.,0,0,0,1,1,0,0,0,0,0,0,1,1,0,0,0,0,0,0,0,0,0,0,0,0,1,-84.39018,33.7491
Oahu Fresh,1,Honolulu,HI,http://www.oahufresh.com/,,1,1,0,1,LLC,0,0,0,1,1,1,1,1,0,1,1,1,1,1,1,0,1,0,0,0,0,0,0,0,1,0,-157.85568,21.30455
"Adaptations, Inc",1,Captain Cook,HI,http://www.adaptationsaloha.com,CSA,1,1,0,1,.,0,0,1,0,1,0,0,0,0,1,,0,0,1,1,0,0,0,0,0,0,0,0,0,1,0,-155.91154,19.492
"The Food Basket, Inc",1,Hilo,HI,http://www.hawaiifoodbasket.org/,.,1,0,0,0,.,0,0,1,0,1,0,0,0,0,0,0,1,0,1,0,0,0,0,0,0,0,0,1,0,0,1,-155.47417,19.82666
Iowa Food Cooperative,1,Des Moines,IA,http://iowafood.coop/,.,0,1,1,1,cooperative,0,0,1,0,1,1,1,1,1,1,1,0,1,1,1,1,0,1,1,0,0,0,0,0,1,0,-93.55667,41.54097
Iowa Valley Food Cooperative,1,Amana,IA,http://iowavalleyfood.com/,.,0,0,1,1,cooperative,0,0,1,0,1,1,1,1,0,1,1,0,1,1,1,1,1,1,1,0,0,0,0,0,1,0,-91.87073,41.80001
Grass Run Farms,1,Dorchester,IA,http://www.grassrunfarms.com/,.,0,1,0,1,.,0,1,0,0,0,0,1,0,0,0,0,1,0,1,1,0,1,1,1,0,0,0,0,1,0,0,-91.51097,43.46969
GROWN Locally,1,Decorah,IA,http://www.grownlocally.com/,.,0,0,1,0,cooperative,0,1,0,0,1,0,1,1,0,1,1,0,0,1,1,0,0,1,1,0,0,0,0,0,1,0,-91.78571,43.30331
Iowa Food Hub,1,Decorah,IA,http://www.iowafoodhub.com/,.,0,1,0,0,.,0,0,1,0,1,1,1,1,0,1,1,0,0,1,1,0,1,1,1,0,0,0,0,0,0,0,-91.78571,43.30331
Annie's Garden and Greens,1,FT. Atkinson,IA,http://anniesgardensandgreens.com,CSA; roadside stand,1,0,0,0,,0,0,0,1,1,1,0,1,0,1,0,0,1,1,0,0,1,0,0,0,0,0,0,0,1,0,-91.93266,43.14331
Idaho's Bounty Co-op,1,Garden City,ID,http://idahosbounty.coop,hybrid; farm to consumer (online ordering); farm to business/institution; wholesaler,0,0,1,1,cooperative,0,0,1,0,1,1,1,1,1,0,0,1,1,1,1,1,1,1,1,0,0,0,0,0,1,0,-116.23818,43.62211
Six Rivers Market,1,Sandpoint,ID,http://www.sixriversmarket.com/,.,0,0,1,0,.,0,0,1,0,1,1,1,1,0,1,1,,,,,,,,,,,,,,,,-116.55325,48.27659
"Gourmet Gorilla, Inc",1,Chicago,IL,https://www.gourmetgorilla.com/,.,1,1,0,1,s corp,0,1,0,0,1,1,1,1,1,1,1,1,1,1,1,1,1,1,1,0,0,1,0,0,1,0,-87.62442,41.87555
Irv & Shelly's Fresh Picks,1,Niles,IL,https://www.freshpicks.com/,.,0,1,0,1,.,0,1,0,0,1,1,1,1,1,1,1,1,1,1,1,0,0,1,1,0,0,0,0,0,1,0,-87.81223,42.02893
Angelic Organics Learning Center - Roots and Wings Network,1,Rockford,IL,http://www.learngrowconnect.org/urban/rockford,education; farm,1,0,0,1,non-profit,0,1,0,0,1,0,0,0,0,1,1,1,1,1,1,0,1,0,0,1,1,0,0,0,1,0,-89.09397,42.27139
Healthy Food Hub,1,Chicago,IL,http://www.healthyfoodhub.org/,.,1,1,0,0,non-profit,0,0,1,0,1,0,1,1,0,1,1,1,0,1,1,0,1,1,1,0,0,0,1,0,1,0,-87.69208,41.70205
Fresh Moves Mobile Produce Market,1,Chicago,IL,N/A,.,0,1,0,0,.,0,0,0,1,1,0,0,0,0,0,0,1,1,1,1,0,1,0,0,0,0,0,1,0,1,1,-87.62442,41.87555
"Chicago Local Foods, LLC dba Local Foods",1,Chicago,IL,http://localfoods.com/,.,0,1,0,0,LLC,0,1,0,0,1,1,1,1,0,1,0,0,0,1,1,1,0,0,1,0,0,0,0,1,1,0,-87.62442,41.87555
Goodness Greenness,1,Chicago,IL,http://www.goodnessgreeness.com/eSource/default/Login.aspx?role=customer,.,0,1,0,0,.,0,1,0,0,1,0,0,0,0,0,0,1,1,1,1,0,0,0,0,0,0,0,0,0,1,0,-87.62442,41.87555
Stewards of the Land,1,Fairbury,IL,http://www.thestewardsoftheland.com/,.,0,1,0,0,LLC,0,0,1,0,1,0,1,1,0,1,0,0,0,0,1,0,1,0,0,0,0,0,0,0,0,0,-88.51478,40.74726
Red Meat Market,1,Chicago,IL,https://www.redmeatmarket.com/,.,0,1,0,0,0,0,0,0,1,0,0,1,0,0,0,0,0,0,1,1,0,0,0,0,0,0,0,0,0,0,0,-87.62442,41.87555
Windcrest Dairy Inc,1,Trenton,IL,http://windcrestdairy.com/about_us.html,.,0,1,0,0,.,0,1,0,0,0,1,0,0,0,0,0,0,0,0,0,0,0,0,0,0,0,0,0,0,0,0,-74.74295,40.21706
Good Earth Food Alliance CSA,1,Farmington,IL,http://www.goodearthfoodalliance.com/,.,1,0,0,0,LLC,0,0,1,0,1,0,1,1,0,0,0,1,0,1,1,1,0,0,0,0,0,0,0,0,0,0,-108.20892,36.73043
Green B.E.A.N Delivery,1,Indianapolis,IN,http://greenbeandelivery.com/,.,0,1,0,1,.,0,1,0,0,1,1,1,1,1,1,1,1,1,1,1,0,0,1,0,0,0,0,0,0,1,0,-86.15835,39.76833
Hoosier Harvest Market,1,Greenfield,IN,http://hoosierharvestmarket.com/,.,0,1,0,1,non-profit,0,0,1,0,1,1,1,1,1,1,1,0,0,1,0,0,1,0,0,0,0,0,0,0,0,0,-85.7682,39.78551
"This Old Farm, Inc",1,Colfax,IN,http://www.thisoldfarminc.com/,.,0,1,0,0,.,0,0,1,0,1,1,1,1,0,1,1,0,0,1,1,0,0,1,1,0,0,0,0,,1,1,-86.66723,40.19504
Rolling Prairie Farmers Alliance,1,Lawrence,KS,http://www.rollingprairie.net/,.,0,0,1,0,.,0,0,1,0,1,0,0,0,0,0,0,0,0,1,1,0,0,0,0,0,0,0,0,0,1,0,-95.23595,38.97194
Good Natured Family Farms,1,Bronson,KS,http://www.goodnaturedfamilyfarms.com/,.,1,1,0,0,.,0,1,0,0,1,1,1,1,0,1,1,1,0,1,1,0,0,0,0,0,0,0,0,0,0,0,-95.07331,37.89587
Campbell County Beef Association,1,Cold Spring,KY,http://www.campbellcountybeef.com/,.,0,0,1,0,cooperative,0,0,1,0,0,0,1,0,0,0,0,0,1,1,0,0,0,1,1,0,0,0,0,0,0,0,-84.43994,39.02173
Grow Farms (Horton Fruit Company),1,Louisville,KY,http://www.growfarms.com/,.,0,1,0,0,.,0,1,0,0,1,0,0,0,0,0,0,0,1,1,1,0,0,0,0,0,0,0,0,0,0,0,-85.75941,38.25424
Holly Grove Market and Farm,1,New Orleans,LA,https://hollygrovemarket.com/,.,0,1,0,1,LLC,0,1,0,0,1,1,1,1,0,1,1,0,1,1,1,0,0,0,0,0,0,0,0,0,0,1,-90.07012,29.94993
"Jack & Jake's, Inc",1,New Orleans,LA,http://www.jackandjakes.com,hybrid; farm to consumer; farm to business/institution (online ordering),0,1,0,0,private,0,1,0,0,1,1,1,0,1,0,0,1,1,1,0,0,0,0,0,0,0,0,1,0,0,1,-90.07012,29.94993
Berkshire Organics Delivery,1,Dalton,MA,http://www.berkshireorganics.com,market; aggregator; home delivery; retail food-hub,0,1,0,1,family-owned,0,1,0,0,1,1,1,1,0,1,1,0,1,1,1,1,0,1,1,0,0,0,0,0,1,0,-73.16621,42.4737
Massachusetts Local Food Cooperative,1,Sterling,MA,http://www.masslocalfood.org/,.,0,1,0,1,c-corp,0,0,1,0,1,1,1,1,0,1,1,0,0,1,1,0,0,1,1,0,0,0,0,0,1,0,-71.76063,42.43759
Boston Organics,1,Charlestown,MA,http://www.bostonorganics.com,aggregator; box scheme; home and office delivery,0,1,0,1,B-corp,0,1,0,0,1,1,0,1,0,1,1,0,0,1,1,1,0,0,0,0,0,0,0,0,1,0,-71.062,42.37787
Common Wealth CSA,1,Greenfield,MA,http://justroots.org/farm/common-wealth-csa/,.,1,0,1,0,non-profit,0,0,0,1,1,0,1,0,0,0,0,0,0,1,1,0,1,0,0,0,1,0,0,0,0,0,-72.60062,42.5878
OR FoodEx,1,Lexington,MA,http://orfoodex.com/,.,0,1,0,0,LLC,0,0,1,0,1,1,1,0,1,1,0,0,1,1,1,1,0,1,1,0,0,1,1,1,1,1,-71.2245,42.44732
South Shore Organics,1,Duxbury,MA,http://southshoreorganics.com/,.,0,1,0,0,.,0,0,1,0,1,1,0,1,0,1,1,0,1,1,1,0,1,0,0,0,0,0,0,0,1,0,-70.67226,42.04177
Farm Direct Coop,1,Marblehead,MA,http://www.farmdirectcoop.org/,.,0,1,0,0,cooperative,0,1,0,0,1,1,0,1,0,1,0,0,0,1,1,0,1,0,0,0,0,0,0,0,1,0,-70.85783,42.5001
Red Tomato,1,Canton,MA,http://www.redtomato.org/,multi-farm direct-to-wholesale food business chains,0,1,0,0,non-profit,0,1,0,0,1,0,0,0,0,0,0,1,1,1,1,1,0,0,0,0,0,0,0,0,1,0,-71.14477,42.15843
Western MA Food Processing Center,1,Greenfield,MA,http://www.fccdc.org/about-the-center,.,0,1,0,0,.,0,0,1,0,0,0,0,0,0,1,0,0,0,1,1,0,0,0,0,0,0,1,0,0,0,0,-72.60062,42.5878
"Northeast Family Farms, LLC",1,Woburn,MA,http://www.northeastfamilyfarms.com/,.,0,1,0,0,LLC,0,1,0,0,0,0,1,0,0,0,0,0,0,1,1,0,0,1,1,0,0,0,0,0,0,0,-71.15228,42.47926
Azuluna,1,North Grafton,MA,http://azulunabrands.com/Contacts/Contacts.html,producer program; distributor,0,1,0,0,LLC,0,1,0,0,0,0,1,1,0,0,0,0,0,1,0,0,0,1,1,0,0,0,0,0,0,0,-71.70785,42.23343
Sustainable Nantucket's Farmers & Artisans Market,1,Nantucket,MA,http://www.sustainablenantucket.org/,.,0,0,0,0,.,0,0,1,0,1,0,0,0,0,0,0,0,0,1,1,0,0,0,0,0,1,1,1,0,0,1,-70.06831,41.26572
Friends and Farms,1,Columbia,MD,https://www.friendsandfarms.com/,.,0,1,1,1,,0,1,0,0,1,1,1,1,1,1,1,0,1,1,1,1,0,0,1,0,0,0,0,0,0,0,-76.8582,39.21562
"Garrett Growers Cooperative, LLC",1,Oakland,MD,http://www.garrettgrowers.com/,.,1,0,1,1,LLC,0,0,1,0,1,0,0,0,0,0,0,1,1,1,0,0,0,0,0,0,0,0,0,0,0,0,-79.40671,39.40787
Hometown Harvest,1,Frederick,MD,http://www.hometownharvest.com/home.php,.,0,1,0,1,LLC,0,1,0,0,1,1,1,1,1,1,1,1,0,1,1,0,0,1,1,0,0,0,0,0,1,0,-77.41058,39.41444
Washington's Green Grocer,1,Capital Heights,MD,https://www.washingtonsgreengrocer.com/,.,0,1,0,1,.,0,1,0,0,1,1,1,1,0,1,0,0,1,0,0,0,0,0,0,0,0,0,0,0,1,0,-76.97021,38.80879
Crown O' Maine Organic Cooperative,1,North Vassalboro,ME,http://www.crownofmainecoop.com/,.,0,1,1,1,cooperative,0,0,1,0,1,0,0,0,1,0,0,0,0,1,0,0,1,0,0,0,0,1,1,0,1,1,-69.62254,44.48618
World PEAS Marketing Cooperative,1,Lowell,ME,http://nesfp.org/worldpeas,.,1,1,0,0,.,0,0,1,0,1,0,0,0,0,0,0,1,0,1,1,0,1,0,0,0,0,1,0,0,1,1,-68.4678,45.18784
Fresh Start Farms CSA,1,Portland,ME,https://www.cultivatingcommunity.org/buy-our-produce/fresh-start-farms-csa/,.,1,1,0,0,.,0,0,1,0,1,0,0,0,0,0,0,1,1,1,1,0,0,0,0,0,0,0,0,0,0,0,-70.30955,43.64707
Farm Fresh Connection LLC,1,Freeport,ME,http://www.farmfreshconnection.org/farm_fresh_CONNECTION/Welcome.html,.,0,1,0,0,LLC,0,1,0,0,1,0,0,0,0,0,0,1,1,0,0,0,0,0,0,0,0,0,1,0,0,0,-70.10311,43.85702
"Northern Girl, LLC",1,Limestone,ME,http://northerngirlmaine.com/,.,0,1,0,0,LLC,0,1,0,0,1,1,0,1,0,1,1,0,0,1,0,0,0,0,0,0,0,1,0,0,0,0,-67.82585,46.90866
West Michigan Cooperative,1,Grand Rapids,MI,http://www.westmichigancoop.com/,.,0,0,1,1,.,0,0,1,0,1,1,1,1,1,1,1,0,0,1,1,0,0,0,0,0,0,1,0,0,0,1,-85.66786,42.96324
Harvest Michigan,1,Clarkston,MI,http://www.harvestmichigan.com/,.,0,1,0,1,c-corp,0,0,1,0,1,1,1,1,0,1,1,0,0,1,1,0,0,1,1,1,0,0,0,0,0,0,-83.43966,42.70864
Cherry Capital Foods,1,Traverse City,MI,http://cherrycapitalfoods.com,distributor,0,1,0,0,LLC,0,0,1,0,1,1,1,1,0,1,0,0,0,1,1,1,1,0,0,0,0,1,0,0,1,0,-85.57988,44.73764
Walsma and Lyons,1,Byron Center,MI,http://walsmalyons.com/,.,0,1,0,0,.,1,0,0,0,1,0,0,0,0,0,0,0,0,0,0,0,0,0,0,0,0,0,0,0,0,0,-85.72281,42.81225
Eastern Market,1,Detroit,MI,http://www.easternmarket.com/,.,0,1,0,0,.,0,1,0,0,1,1,1,1,0,1,1,0,0,1,0,0,1,0,0,0,0,0,,0,0,0,-83.05674,42.34866
Co-op Partners Warehouse,1,St. Paul,MN,http://www.cooppartners.coop/,multi-farm direct-to-consumer business chains,0,1,1,0,.,0,1,0,0,1,1,0,0,0,0,0,0,0,1,0,0,0,0,0,0,0,0,0,0,1,0,-93.1015,44.9504
Sprout MN,1,Brainerd,MN,http://sproutmn.com/,.,1,1,0,0,.,0,0,1,0,1,0,0,1,0,0,0,1,1,1,1,0,0,0,0,0,1,0,0,0,1,0,-94.20083,46.35802
Twin Cities Local Food,1,Webster,MN,http://www.localfoodmarketplace.com/twincities/,.,0,1,0,0,.,0,0,1,0,1,1,1,1,0,1,1,1,0,1,1,0,1,0,0,0,0,0,0,0,0,1,-93.35272,44.52969
Big River Farms (Minnesota Food Association),1,Marine on St. Croix,MN,http://www.mnfoodassociation.org/big-river-farms-csa,multiple farmer CSA,1,0,0,0,non-profit,0,0,1,0,1,0,0,0,0,0,,0,0,1,1,0,0,0,0,0,1,0,1,0,1,1,-92.78022,45.19773
Hmong American Farmers Association,1,St. Paul,MN,http://www.hmongfarmers.com/,.,0,0,0,0,.,0,0,1,0,1,0,0,0,0,0,0,0,0,1,1,1,0,0,0,0,1,0,0,0,0,0,-93.10597,44.9416
Thousand Hills Cattle Company,1,Cannon Falls,MN,http://www.thousandhillscattleco.com/,.,0,0,0,0,.,0,0,1,0,0,0,1,0,0,0,0,1,0,0,1,0,0,1,1,0,0,0,0,0,0,0,-92.88222,44.51624
Lorentz Meats,1,Cannon Falls,MN,http://www.lorentzmeats.com/,value-added food production,,,,,.,0,1,0,0,0,0,1,0,0,0,0,0,0,0,1,0,0,1,1,0,0,0,0,0,1,0,-92.88222,44.51624
Farmer Girl Grassfed & Pasture Raised Meats,1,Warrenton,MO,http://farmergirlmeats.com/,.,0,1,0,1,.,0,1,0,0,0,0,1,0,0,0,0,1,1,0,1,0,0,1,1,0,0,0,0,0,0,0,-91.14154,38.81144
Fields Foods,1,St. Louis,MO,http://fieldsfoods.com/about-us#.,.,0,1,0,0,.,0,0,1,0,1,1,1,1,1,1,1,1,1,1,1,0,1,0,0,0,0,0,1,0,0,0,-90.43782,38.52347
"Fresh Food Express, LLC",1,Kansas City,MO,http://www.freshfoodexpress.com/,.,0,1,0,0,LLC,0,1,0,0,1,1,1,1,0,1,0,1,0,1,1,0,0,0,0,0,0,1,0,0,0,0,-94.56303,39.08447
Root Cellar,1,Columbia,MO,http://www.rootcellarmo.com/,.,0,1,0,0,.,0,0,1,0,1,1,1,1,0,0,0,,1,1,1,0,1,0,0,0,0,0,0,0,0,0,-92.23329,38.77391
Webb City Farmers Market,1,Webb City,MO,http://www.webbcityfarmersmarket.com/,.,0,1,0,0,.,0,0,1,0,1,1,1,1,0,1,1,0,1,1,0,0,1,0,0,0,0,0,0,0,0,0,-94.463,37.14645
Eat Here St Louis LLC,1,St. Louis,MO,http://www.eatherestl.com/,.,0,1,0,0,LLC,0,1,0,0,1,1,1,1,0,1,0,0,1,1,0,0,0,0,0,0,0,0,0,0,0,0,-90.19789,38.62727
Beans and Greens Mobile Market,1,Kansas City,MO,http://beansandgreens.org,SNAP match program at farmers markets,0,0,0,0,non-profit,0,1,0,0,1,0,0,0,0,0,0,1,0,1,0,0,1,0,0,0,0,1,1,0,0,1,-94.56303,39.08447
Indian Springs Farmer Association,1,Petal,MS,http://www.federationsoutherncoop.com/coopmarket/indianspr.htm,food product aggregation and distribution,0,0,1,0,cooperative,0,1,0,0,1,0,0,0,0,0,0,0,0,0,0,1,0,0,0,0,0,0,0,0,0,0,-89.26006,31.34656
Western Montana Growers Cooperative,1,Arlee,MT,http://wmgcoop.com/,.,1,0,1,0,.,0,0,1,0,1,1,1,1,0,1,1,0,1,1,1,0,1,0,0,0,0,0,0,0,0,0,-82.09459,38.73258
Quality Foods Distributing,1,Bozeman,MT,http://www.qfdistributing.com/,.,0,1,0,0,.,0,1,0,0,1,1,1,1,1,1,1,0,0,1,1,0,0,0,0,0,0,0,0,0,1,0,-111.04467,45.67998
"Polk Fresh Foods, Inc",1,Mill Spring,NC,https://www.polkfreshfoods.com/,.,1,1,0,1,.,0,0,1,0,1,1,1,1,0,1,1,0,1,1,0,0,0,0,0,0,0,0,0,0,0,0,-82.16102,35.29767
Down East Connect,1,Whiteville,NC,http://www.farmersfreshmarket.org/downeast/,.,1,1,0,1,.,0,0,1,0,1,1,1,1,0,1,1,0,0,1,0,0,0,0,0,0,0,0,0,0,0,0,-78.70307,34.33878
Feast Down East,1,Burgaw,NC,http://www.feastdowneast.org/,.,0,1,0,1,.,0,0,1,0,1,0,0,0,1,0,0,0,1,1,0,0,1,0,0,0,0,1,0,0,0,1,-77.9261,34.55211
"GO Local NC Farms, LLC",1,Concord,NC,https://www.golocalncfarms.com/main/default.aspx,.,0,1,0,1,LLC,0,0,1,0,1,1,1,1,0,1,1,0,0,1,1,0,0,0,1,0,0,0,0,0,1,0,-80.57974,35.40938
Community Nutrition Partnership,1,Durham,NC,http://www.cnpnc.org/,.,0,0,0,1,non-profit,0,0,1,0,1,0,0,0,0,1,1,1,1,1,0,0,1,0,0,0,0,0,1,0,0,1,-78.92934,36.05686
Sandhills Farm to Table Cooperative,1,Whispering Pines,NC,http://www.sandhillsfarm2table.com/home.php,aggregator; subscription program; multi-farm CSA,0,0,1,0,"multi-stakeholder cooperative (producers, consumers, employees)",0,0,1,0,1,0,0,0,0,0,0,0,1,1,1,1,1,0,0,0,0,0,1,0,0,1,-79.82948,36.47958
New River Organic Growers,1,West Jefferson,NC,http://www.newrivergrowers.com/,.,0,0,1,0,cooperative,0,0,1,0,1,1,1,0,0,0,0,0,1,1,1,0,0,1,1,0,0,0,0,0,1,0,-81.49288,36.40374
Working Landscapes,1,Warrenton,NC,http://workinglandscapesnc.org/,.,0,1,0,0,.,0,0,0,1,1,0,0,0,0,0,0,1,0,1,1,0,1,0,0,1,0,1,0,0,0,1,-76.7724609375,32.175612478499346
Farmer Foodshare Pennies on the Pound (POP) Market,1,Chapel Hill,NC,http://www.farmerfoodshare.org/,.,0,1,0,0,.,0,0,1,0,1,0,0,0,0,0,0,1,1,1,1,0,1,0,0,0,1,0,0,0,0,1,-79.06833,35.89849
"Firsthand Foods, LLC",1,Durham,NC,http://firsthandfoods.com,hybrid; farm to consumer (box delivery); farm to business/institution,0,1,0,0,LLC,0,0,1,0,0,0,1,0,0,0,0,0,0,1,0,0,0,1,1,0,0,0,0,0,0,0,-78.92934,36.05686
The Produce Box,1,Raleigh,NC,http://www.theproducebox.com/,.,0,1,0,0,.,0,0,1,0,1,1,1,0,1,1,0,0,1,1,1,0,0,0,0,0,0,0,0,0,0,0,-78.68767,35.72072
Eastern Carolina Organics,1,Pittsboro,NC,http://www.easterncarolinaorganics.com/,.,0,1,0,0,LLC,,,,,1,0,0,0,0,1,1,,,1,1,,,,,,,,,,1,,-79.17717,35.72015
High Country CSA,1,Banner Elk,NC,http://highcountrycsa.wix.com/2015,.,1,0,0,0,.,0,0,1,0,1,0,0,1,0,1,1,0,1,1,1,0,0,0,0,0,0,0,0,0,1,0,-81.8715,36.16318
Walking Fish,1,Beaufort,NC,http://www.walking-fish.org/,.,0,0,0,0,.,0,0,1,0,0,0,0,0,1,0,0,0,0,1,1,0,1,0,0,0,0,1,0,0,0,0,-76.66382,34.71822
Nebraska Food Cooperative,1,Lincoln,NE,https://www.nebraskafood.org/,.,0,1,1,1,cooperative,0,0,1,0,1,1,1,1,1,1,1,1,0,1,0,0,0,0,0,0,0,0,0,0,0,1,-96.71418,40.85782
Tomato Tomato,1,Omaha,NE,http://tomatotomato.org/,.,1,0,0,0,,0,0,1,0,1,1,1,1,0,1,0,0,0,1,0,0,0,0,0,0,0,0,0,0,1,0,-96.01732,41.32937
North Country Farmers Coop,1,Colebrook,NH,http://ncfcoop.com/,.,0,0,1,1,cooperative,0,1,0,0,1,1,1,1,0,0,1,0,0,1,1,0,0,1,1,0,0,1,0,0,0,0,-71.49592,44.89449
NH Community Seafood,1,.,NH,http://www.nhcommunityseafood.com/,.,0,0,1,0,.,0,0,0,1,0,0,0,0,1,0,0,0,0,1,0,1,0,0,0,0,0,0,0,1,0,0,-71.6554,43.48491
Tri-County Cooperative,1,East Windsor,NJ,http://www.tricountycoop.net/,.,0,0,1,0,.,0,1,0,0,1,0,0,0,0,0,,0,1,0,0,0,0,0,0,0,0,0,0,0,0,1,-74.58127,40.24233
Beneficial Farm CSA,1,Santa Fe,NM,http://www.beneficialfarm.com,CSA; aggregator,1,1,1,1,private,0,0,1,0,1,1,1,1,0,0,0,0,1,1,1,0,0,0,0,0,0,0,0,0,1,0,-105.8017,35.79566
La Montanita Co-op Distribution Center,1,Albuquerque,NM,http://lamontanita.coop/co-op-distribution-center-2/,distributor,0,1,1,0,cooperative,0,0,1,0,1,1,1,1,0,1,1,0,1,1,1,1,1,1,1,0,0,0,0,0,1,0,-106.65099,35.0841
Agri-Cultura Network,1,Albuquerque,NM,https://afsc.org/program/new-mexico-agri-cultura-network,"farmer collective, aggregation, farm-to-school",1,0,1,0,farmer collective,0,0,0,1,1,0,0,0,0,0,0,1,1,1,1,0,1,0,0,1,1,0,0,0,1,1,-106.65099,35.0841
Santa Fe Farmers Market Institute,1,Santa Fe,NM,http://farmersmarketinstitute.org/,.,0,1,0,0,.,0,0,1,0,1,0,0,0,0,0,0,1,0,1,1,0,1,0,0,0,0,0,0,0,0,1,-105.8017,35.79566
Skaarsgard Farms,1,Albuquerque,NM,http://skarsgardfarms.deliverybizpro.com/home.php,.,0,1,0,0,.,0,0,1,0,1,0,1,0,0,1,0,0,1,1,1,1,0,0,0,1,0,1,0,0,1,0,-106.65099,35.0841
Rio Arriba Farms CSA,1,Abiquiu,NM,http://www.rioarribafarms.com/,.,1,0,0,0,.,0,0,1,0,1,0,0,0,0,0,0,0,0,1,0,1,1,0,0,0,0,0,0,0,0,1,-106.31867,36.20703
Adirondack Grazers Cooperative,1,Greenwich,NY,http://adkgrazers.com,grazer cooperative; online ordering; supplier to select butchers,0,0,1,1,cooperative,0,1,0,0,0,0,1,0,0,0,0,0,0,0,1,0,0,0,1,0,1,0,0,0,0,0,-73.49872,43.09063
Corbin Hill Food Project,1,New York,NY,http://corbinhillfoodproject.org/,.,1,1,0,1,non-profit,0,0,1,0,1,1,1,1,0,1,1,1,0,1,0,0,1,0,0,0,0,1,0,0,0,1,-73.34261,40.68118
CHQ Local Food Inc,1,Mayville,NY,http://chqlocalfood.com/home/,.,0,1,0,1,.,0,0,1,0,1,1,1,1,0,1,1,0,0,1,1,1,0,0,0,0,0,0,0,0,1,1,-79.50449,42.25395
FarmieMarket Online,1,Albany,NY,https://farmiemarket.com/,.,0,1,0,1,LLC,0,0,1,0,1,0,1,1,0,1,1,0,0,1,1,0,0,1,1,0,0,1,0,0,1,0,-73.76828,42.63295
"Good Food Collective-Head Water Foods, Inc",1,Rochester,NY,http://thegoodfoodcollective.com/,.,0,1,0,1,.,0,0,1,0,1,1,1,0,0,1,0,0,1,1,1,0,1,1,1,0,0,0,0,0,1,0,-77.57155,43.10805
"Regional Access, Inc",1,Ithaca,NY,http://regionalaccess.net/,.,0,1,0,1,.,0,1,0,0,1,1,1,1,1,1,1,0,0,1,0,0,0,0,0,0,0,0,0,1,0,0,-76.4968,42.4396
Farmshed Harvest,1,New Woodstock,NY,http://www.farmshedcny.com/harvest/,.,0,1,0,1,.,0,0,1,0,,,,,,,,,,1,1,,,,,,,,,,,,-75.85436,42.8484
Hudson Valley Bounty,1,Hudson,NY,http://www.hudsonvalleybounty.com,farm-to-chef,0,0,0,1,.,0,0,1,0,1,0,0,0,0,0,0,1,1,1,1,0,1,0,0,0,0,1,0,0,0,0,-73.79096,42.25286
North Country Grown Cooperative,1,Massena,NY,http://northcountrygrown.com/who-we-are/current-board-of-directors/,.,0,0,1,0,cooperative,0,0,1,0,1,0,1,0,0,0,1,1,1,1,1,0,0,0,0,0,0,1,0,0,0,0,-74.89186,44.9281
Eden Valley Growers,1,Eden,NY,http://edenvalleygrowers.com/,.,0,0,1,0,cooperative,0,1,0,0,1,0,0,0,0,0,0,0,1,1,0,0,0,0,0,0,0,0,0,0,0,0,-78.89698,42.65228
"Grange Co-packer, LLC",1,Essex,NY,http://www.grangecopacker.com/,.,0,0,1,0,.,0,1,0,0,0,0,0,0,0,1,0,1,0,1,0,0,0,0,0,0,0,0,0,0,0,0,-73.7542,44.06389
Greenmarket Co,1,New York,NY,http://www.greenmarketco.org/,food retailers,0,1,0,0,non-profit,0,0,1,0,1,0,0,0,0,1,1,0,0,1,1,0,0,0,0,0,0,0,0,0,1,1,-73.34261,40.68118
Finger Lakes Fresh Food Hub,1,Groton,NY,http://fingerlakesfresh.com/FLF/,.,0,1,0,0,.,0,0,1,0,1,0,0,0,0,1,0,1,0,1,1,1,1,0,0,0,0,0,1,1,0,1,-76.36662,42.58669
Growing Green Mobile Market,1,Buffalo,NY,http://mass-ave.org/programs/mobile-market/,.,0,1,0,0,.,0,0,1,0,1,0,0,1,0,0,0,1,1,1,0,0,1,0,0,0,0,0,1,0,0,1,-78.7974,42.87629
Foodlink,1,Rochester,NY,http://foodlinkny.org/,.,0,1,0,0,0,0,1,0,0,1,1,0,1,0,0,0,1,0,0,0,0,1,0,0,0,0,0,1,0,0,1,-77.61521,43.15729
Small World Food,1,Rochester,NY,http://www.smallworldfood.com/,.,0,1,0,0,.,0,0,1,0,0,0,0,0,0,1,0,1,1,1,1,1,1,0,0,1,0,0,0,0,1,0,-77.57155,43.10805
Lucky Dog Local Food Hub,1,Hamden,NY,http://www.luckydogorganic.com/#!hub/c1prx,.,0,1,0,0,.,0,1,0,0,1,1,1,1,0,1,0,0,1,1,1,0,0,0,0,0,0,0,0,0,1,0,-74.99461,42.1912
"Northeast Livestock Processing Service Company, LLC",1,Sprakers,NY,http://nelpsc.com/,.,0,1,0,0,.,0,0,1,0,0,0,1,0,0,0,0,0,0,1,0,0,0,1,1,0,0,0,0,0,0,0,-74.51347,42.89146
Field Goods,1,Athens,NY,http://www.field-goods.com/,.,0,1,0,0,LLC,0,0,1,0,1,0,0,0,0,0,0,1,1,1,0,0,0,0,0,0,0,0,0,0,0,0,-73.80957,42.26036
Farm to Table Co-packers,1,Kingston,NY,http://farm2tablecopackers.com/,.,0,1,0,0,.,0,0,1,0,1,0,0,0,0,0,0,0,1,1,0,0,0,0,0,0,0,0,0,0,0,0,-73.98651,41.92343
Winter Sun Farms,1,New Paltz,NY,http://www.wintersunfarms.com/,.,1,0,0,0,.,0,1,0,0,1,0,0,0,0,0,0,0,1,1,0,0,0,0,0,0,0,0,0,0,0,0,-74.08449,41.7465
Lake to River Cooperative,1,Youngstown,OH,https://www.localfoodmarketplace.com/laketoriver/,.,0,1,1,1,.,0,0,1,0,1,1,1,1,0,1,0,1,0,1,1,0,0,0,0,0,0,0,0,0,0,0,-80.64952,41.09978
Fair Ridge Farms,1,Hillsboro,OH,http://fairridgefarms.com/,.,1,1,0,0,.,0,0,1,0,1,0,0,0,0,0,0,1,1,1,1,0,0,0,0,0,0,0,0,1,1,0,-83.61159,39.20229
Shagbark Seed and Mill Company,1,Athens,OH,http://www.shagbarkmill.com/,.,0,1,0,0,LLC,0,1,0,0,0,0,0,0,0,1,0,1,0,1,1,0,0,0,0,0,0,0,0,0,1,1,-82.10126,39.32924
New Agrarian Center,1,Oberlin,OH,http://www.cityfresh.org/,.,0,1,0,0,.,0,0,1,0,1,0,0,0,0,1,0,0,1,1,1,0,0,0,0,0,1,0,0,0,0,1,-82.21738,41.29394
Chesterhill Produce Auction,1,Chesterhill,OH,http://www.ohiofoodshed.org/chesterhill/,auction,0,1,0,0,.,0,1,0,0,1,0,0,0,0,0,0,0,0,1,0,0,1,0,0,0,0,1,0,0,0,0,-81.86597,39.48841
Miami Valley Farm to Chef,1,Dayton,OH,http://www.mvfarmtochef.com/,.,0,1,0,0,.,0,1,0,0,1,0,0,0,0,0,0,0,1,1,0,0,0,0,0,0,0,1,0,0,0,0,-84.19161,39.75895
Grow Youngstown,1,Youngstown,OH,http://growyoungstown.org/,.,1,0,0,0,non-profit,0,0,1,0,1,0,0,0,0,0,0,1,0,1,1,1,1,0,0,0,0,1,1,0,0,1,-80.64952,41.09978
Oklahoma Food Cooperative,1,Oklahoma City,OK,http://www.oklahomafood.coop/,.,0,0,1,0,cooperative,0,0,1,0,1,1,1,1,0,1,1,0,0,1,1,0,0,1,1,0,0,0,0,1,1,0,-97.51705,35.47299
Urban Agrarian,1,Oklahoma City,OK,http://www.urbanagrarian.com/,.,0,1,0,0,.,0,0,1,0,1,1,1,1,0,1,0,0,1,1,1,0,0,0,0,0,0,0,0,0,0,0,-97.51705,35.47299
Adelante Mujeres Distributor,1,Forest Grove,OR,http://www.adelantemujeres.org/agriculture/,"CSA, wholesale distributor",1,1,0,1,non-profit,0,0,0,1,1,0,1,1,0,1,1,1,0,0,0,0,1,0,0,1,1,0,0,0,0,0,-123.11144,45.51975
Eat Oregon First,1,Hillsboro,OR,http://www.eatoregonfirst.com/,.,0,0,0,1,.,0,0,1,0,0,0,1,1,1,1,0,0,0,1,1,0,0,1,1,0,0,0,0,0,0,0,-122.98983,45.52289
Country Natural Beef,1,Burns,OR,http://www.countrynaturalbeef.com/,multi-farm direct-to-wholesale food business chains,0,1,1,0,cooperative,1,0,0,0,0,0,1,0,0,0,0,0,0,0,1,0,0,1,1,0,0,0,0,0,0,0,-119.0541,43.58626
Lane Local Foods,1,Springfield,OR,http://www.lanefood.org/home.php,.,1,1,0,0,.,0,0,1,0,1,1,1,1,0,1,0,1,1,1,1,1,1,0,0,0,0,0,0,0,0,1,-123.09829,44.06482
Gorge Grown Food Network,1,Hood River,OR,http://www.gorgegrown.com/,.,1,1,0,0,non-profit,0,1,0,0,1,1,1,1,1,1,1,1,1,1,1,0,1,1,1,0,0,0,0,0,1,0,-121.52179,45.70531
Grow Portland (Portland Growers Alliance),1,Portland,OR,http://www.growportland.org/growers-alliance/,.,0,1,0,0,.,0,0,0,1,1,0,0,0,0,0,0,0,1,1,1,0,0,0,0,1,0,0,1,0,0,1,-122.67419,45.52025
Central Oregon Locavore,1,Bend,OR,http://www.centraloregonlocavore.org/,.,0,1,0,0,non-profit,0,0,1,0,1,1,1,1,1,1,1,1,0,1,1,0,1,0,0,1,1,1,0,0,1,0,-121.31531,44.05817
Organic Produce Warehouse,1,Ashland,OR,http://opwfresh.com/,.,0,1,0,0,.,0,0,1,0,1,0,0,0,0,1,0,0,0,1,1,0,0,0,0,0,0,1,0,0,1,0,-122.7154,42.19725
Organically Grown Company,1,Eugene,OR,http://www.organicgrown.com/,.,0,1,0,0,s corp,0,1,0,0,1,0,0,0,0,0,0,1,0,1,1,0,1,0,0,0,0,0,0,0,1,0,-123.09505,44.05051
"Hood River Organic, Inc",1,Hood River,OR,http://hoodriverorganic.com/,.,1,0,0,0,.,0,1,0,0,,0,0,0,0,0,0,0,1,1,1,0,0,0,0,0,0,0,0,0,1,0,-121.52179,45.70531
Penn's Corner Farm Alliance,1,Pittsburgh,PA,http://www.pennscorner.com/,.,1,0,1,1,cooperative,0,0,1,0,1,1,1,1,0,1,1,0,0,1,1,0,0,0,0,0,0,0,0,0,1,0,-79.99009,40.44169
Philly CowShare,1,Philadelphia,PA,https://www.phillycowshare.com/,.,0,1,0,1,LLC,0,1,0,0,0,0,1,0,0,0,0,1,0,1,1,1,0,1,1,0,0,0,0,0,0,0,-75.16359,39.9524
Clarion River Organics,1,Sligo,PA,http://www.clarionriverorganics.com/,.,1,1,1,0,.,0,0,1,0,1,0,1,0,0,1,1,1,0,1,1,0,1,0,0,0,0,0,0,0,1,0,-79.69171,40.6434
Lancaster Farm Fresh Cooperative,1,Leola,PA,http://www.lancasterfarmfresh.com/,.,1,0,1,0,.,0,0,1,0,1,1,1,0,0,1,1,1,0,1,1,0,0,1,1,0,0,0,0,0,1,0,-76.18495,40.08787
"Northwest Pennsylvania Growers Cooperative, Inc",1,Mercer,PA,http://www.nwpagrowers.com/,.,1,0,1,0,cooperative,0,0,1,0,1,1,1,1,0,1,1,1,1,1,0,0,0,1,1,0,0,0,0,0,1,0,-80.30144,41.33345
Tuscarora Organic Growers Cooperative,1,Hustontown,PA,http://www.tog.coop,aggregator; wholesale distributor; farm-to-business,0,0,1,0,cooperative,0,0,1,0,1,0,0,1,0,0,0,0,0,1,1,0,0,0,0,0,0,0,0,0,1,0,-78.02695,40.04897
Common Market Philadelphia,1,Philadelphia,PA,http://commonmarketphila.org,distributor; farm-to-business/institution,1,1,0,0,non-profit,0,1,0,0,1,1,1,1,0,1,1,0,0,1,1,0,1,0,0,0,0,1,0,0,0,1,-75.16359,39.9524
GroundWork Farms,1,Millheim,PA,http://www.groundworkfarms.com/,.,1,1,0,0,.,0,0,1,0,1,1,0,1,0,1,0,1,1,1,1,0,0,1,0,0,0,0,0,0,1,0,-77.47666,40.8909
Greensgrow Farm,1,Philadelphia,PA,http://www.greensgrow.org/,.,1,1,0,0,.,0,0,1,0,1,0,0,0,0,0,0,0,1,1,1,0,0,0,0,0,0,0,0,0,1,0,-75.16359,39.9524
Lackawaxen Farm Company,1,Honesdale,PA,http://www.lfcfresh.com/,.,1,1,0,0,.,0,0,1,0,1,0,1,1,0,0,0,0,0,1,1,0,0,1,1,0,0,0,0,0,0,0,-75.25879,41.57676
Fair Food Philly,1,Philadelphia,PA,http://www.fairfoodphilly.org/,.,0,1,0,0,.,0,1,0,0,1,1,1,1,0,0,0,1,1,1,0,1,0,0,0,0,0,0,0,0,0,0,-75.16359,39.9524
Farm Fresh Rhode Island - Market Mobile,1,Pawtucket,RI,http://www.farmfresh.org/hub/,hybrid; Farm to consumer (Veggie Box); Farm to business/institution (Market Mobile),0,1,0,1,non-profit,0,1,0,0,1,1,1,1,1,1,1,1,1,1,1,1,1,1,1,0,0,1,0,0,0,1,-71.38256,41.87871
Little City Growers,1,Providence,RI,http://www.littlecitygrowers.org/about.html,.,0,0,1,0,cooperative,0,0,1,0,1,0,0,0,0,0,0,0,0,1,1,0,0,0,0,0,0,0,0,0,0,0,-71.48567,41.75415
GrowFood Carolina,1,Charleston,SC,http://growfoodcarolina.com/,.,0,1,0,0,non-profit,0,0,1,0,1,0,0,0,0,0,0,0,0,1,1,1,0,0,0,0,0,0,0,1,0,1,-79.84798,32.80196
Cumberland Farmer's Market,1,Sewanee,TN,http://sewanee.locallygrown.net/,.,0,1,0,0,.,0,0,1,0,1,1,1,1,0,1,0,0,0,1,1,1,1,0,0,0,0,1,0,0,0,0,-85.92109,35.20314
Good Food for Good People,1,Nashville,TN,http://goodfoodforgoodpeople.org/,.,0,1,0,0,.,0,0,0,1,1,1,1,1,0,0,0,1,1,1,1,0,1,0,0,0,0,0,0,0,0,0,-86.77435,36.16223
Cross Timbers Food Cooperative,1,Denton,TX,http://www.crosstimberscoop.org/,.,0,0,1,1,cooperative,0,0,1,0,1,0,1,1,0,0,1,1,0,1,1,0,0,1,1,0,0,0,0,0,1,0,-97.11949,33.22569
Greenling,1,Austin,TX,http://www.greenling.com/,.,0,1,0,1,.,0,0,1,0,1,1,1,1,0,1,1,1,0,1,1,0,0,0,0,0,0,0,0,0,1,0,-97.79316,30.34168
Bountiful Sprout,1,Wimberley,TX,http://localfoodmarketplace.com/bountifulsprout/,aggregator; online ordering,0,1,0,1,LLC,0,0,1,0,1,1,1,1,0,1,0,0,0,1,0,1,1,0,0,0,0,0,0,0,0,0,-98.09863,29.99744
CitySprout,1,Austin,TX,http://www.citysprout.com/,.,1,0,0,0,.,0,0,1,0,1,1,1,1,0,0,0,1,1,1,1,0,1,0,0,1,1,0,0,0,1,1,-97.79316,30.34168
Farm to Table Texas,1,Austin,TX,http://www.farmtotabletx.com/,.,,1,,,LLC,0,0,1,0,1,1,0,1,0,0,0,1,1,1,1,0,0,0,0,1,1,1,0,0,0,0,-97.79316,30.34168
Local Roots Food Co-op/Lulus Local Food,1,Goochland,VA,https://localroots.luluslocalfood.com,online marketplace,0,0,1,1,cooperative,0,0,1,0,1,1,1,0,0,1,1,0,0,1,0,0,0,0,0,0,0,0,0,0,0,0,-77.88492,37.68244
Relay Foods,1,Charlottesville,VA,https://www.relayfoods.com/welcome,.,0,1,0,1,.,0,1,0,0,1,1,1,1,1,1,1,1,1,1,1,0,1,1,1,0,0,1,0,0,1,0,-78.47668,38.02931
Off the Vine Market Inc,1,Williamsburg,VA,http://www.offthevinemarket.com/store/pc/home.asp,.,0,1,0,1,LLC,0,1,0,0,1,1,1,1,1,1,1,0,0,1,1,1,0,1,1,0,0,0,0,0,1,0,-76.70745,37.2707
"Coastal Farms, Inc",1,Windsor,VA,http://www.cooppartners.coop/,.,0,1,0,1,LLC,0,1,0,0,1,1,1,1,0,1,1,0,0,1,1,0,0,1,1,0,0,0,0,0,1,0,-76.74412,36.80848
Fall Line Farms/Lulus Local Food,1,Richmond,VA,https://falllinefarms.luluslocalfood.com,online marketplace,0,1,0,1,,0,1,0,0,1,1,1,1,0,1,0,1,1,1,1,0,1,1,1,0,0,0,0,1,0,0,-77.43428,37.53851
Virginia Natural Fish Company,1,Farmville,VA,http://aquafarmers.com/,.,0,0,0,1,LLC,0,0,1,0,0,0,0,0,1,0,0,0,1,1,1,0,0,0,1,0,0,0,0,0,0,0,-78.39194,37.3021
Arcadia Center for Sustainable Food & Agriculture,1,Alexandria,VA,http://arcadiafood.org,farm; mobile market; food hub; farm-to-school; veteran farmer program,0,1,0,0,non-profit,0,1,0,0,1,0,0,0,0,0,0,1,1,1,1,1,1,0,0,1,1,0,1,0,0,1,-77.04702,38.80511
The Farm Table,1,Glen Allen,VA,http://www.thefarmtable.org/,.,0,1,0,0,.,0,0,1,0,1,0,0,0,0,0,0,1,1,1,1,0,1,0,0,0,0,0,0,0,0,1,-77.50637,37.66598
Horse and Buggy Produce,1,Charlottesville,VA,http://www.horseandbuggyproduce.com/,.,0,1,0,0,.,0,0,1,0,1,0,1,1,0,1,0,0,1,0,1,0,1,0,0,0,0,0,0,0,0,1,-78.47668,38.02931
Appalachian Harvest Network,1,Abingdon,VA,http://asdevelop.org/,food product aggregation and distribution,0,1,0,0,.,0,1,0,0,1,0,0,1,0,0,0,0,0,1,1,0,0,0,0,0,1,1,0,0,1,0,-81.97749,36.70958
Blue Ridge Produce Company,1,Elkwood,VA,http://blueridgeproduce.net,aggregator; distributor,0,1,0,0,B-corp,0,1,0,0,1,0,0,0,0,0,0,1,0,1,0,0,1,0,0,0,1,0,0,0,1,0,-77.85583,38.51179
Local Food Hub,1,Charlottesville,VA,http://localfoodhub.org,Farm to business/institution model; distribution; educational farm,0,1,0,0,non-profit,0,0,1,0,1,1,1,1,0,1,1,1,1,0,1,0,1,0,0,1,0,0,0,0,0,0,-78.47668,38.02931
EcoFriendly Foods,1,Moneta,VA,http://ecofriendly.com/,.,0,1,0,0,LLC,0,1,0,0,0,0,1,0,0,0,0,0,0,1,1,0,0,1,1,0,0,0,0,0,0,0,-79.61725,37.18125
Intervale Center,1,Burlington,VT,http://www.intervale.org/,.,0,1,0,1,.,0,0,1,0,1,1,1,1,1,1,1,1,0,1,1,0,1,1,1,1,1,0,0,1,1,1,-73.21149,44.4724
Farmers to You,1,Calais,VT,http://farmerstoyou.com/,.,0,1,0,1,LLC,0,1,0,0,1,1,1,1,1,1,1,1,0,1,1,0,0,0,0,0,0,0,0,0,1,0,-72.4465,44.39006
Green Mountain Farm Direct,1,Newport,VT,http://www.greenmountainfarmdirect.org/,.,0,1,0,1,.,0,0,1,0,1,1,1,1,0,1,0,1,1,1,0,0,0,0,0,0,0,0,0,0,0,0,-72.20446,44.93584
Black River Produce,1,North Springfield,VT,http://www.blackriverproduce.com,wholesaler,0,1,0,1,private,0,1,0,0,1,1,1,0,1,1,0,0,0,1,0,0,0,0,0,0,0,0,0,0,0,0,-72.52537,43.33285
Deep Root Organic Cooperative,1,Johnson,VT,http://deeprootorganic.coop/deeproot/,.,0,0,1,0,cooperative,0,0,1,0,1,0,0,0,0,0,0,0,0,1,1,0,0,0,0,0,0,0,0,0,1,0,-72.6804,44.63561
Saint Johnsbury Local Food Alliance,1,St. Johnsbury,VT,http://www.stjalfa.org/,.,0,1,0,0,.,0,0,1,0,1,0,1,0,1,0,0,,0,1,1,0,0,0,0,1,1,0,1,0,0,1,-72.0151,44.41922
Mad River Food Hub,1,Waitsfield,VT,http://madriverfoodhub.com/,.,0,1,0,0,.,0,0,1,0,1,1,1,1,1,1,1,1,0,1,1,0,0,1,1,0,0,0,0,0,1,0,-72.82484,44.19006
Food Works at Two Rivers - Farm-to-Table Program,1,Montpelier,VT,http://www.foodworksvermont.org/,.,0,1,0,0,.,0,0,0,1,1,1,1,1,0,1,1,0,1,1,1,0,0,0,0,0,0,0,0,0,1,0,-72.57536,44.26002
Windham Food and Farm Network,1,Brattleboro,VT,https://harvesttomarket.com/farmers-market/Windham-Farm-and-Food-Network,.,0,1,0,0,.,0,0,1,0,1,1,1,1,0,1,1,0,1,1,0,0,0,0,0,0,0,0,1,0,0,0,-72.56819,42.83734
Vermont Quality Meats,1,Rutland,VT,http://www.vtqualitymeats.com/,.,0,1,0,0,.,0,1,0,0,0,1,1,0,0,0,0,0,1,0,0,0,0,1,1,0,0,0,0,0,0,0,-72.97261,43.61062
Screamin' Ridge Farm,1,Montpelier,VT,http://www.screaminridgefarm.com/,.,1,0,0,0,.,0,0,1,0,1,1,1,1,0,1,0,0,0,1,1,0,1,1,0,0,0,1,0,0,0,0,-72.57536,44.26002
Okanogan Producers Marketing Association,1,Okanogan,WA,http://okanoganproducers.org/,.,1,0,1,1,cooperative,0,0,1,0,1,0,0,1,0,0,0,0,0,1,1,0,0,0,0,0,0,0,0,0,1,0,-119.65275,48.51585
Full Circle Farm,1,Carnation,WA,http://www.fullcircle.com/,multi-farm direct-to-consumer business chains,0,1,0,1,.,0,1,0,0,1,1,1,1,1,1,1,1,0,1,1,0,0,0,0,0,0,0,0,1,1,1,-121.91294,47.64751
Northwest Farm Fresh,1,Chewelah,WA,N/A,.,0,1,0,1,.,0,0,1,0,1,1,1,1,0,1,1,0,1,1,0,0,0,0,0,0,0,0,0,0,1,0,-117.71552,48.27629
Acme Farms and Kitchen,1,Acme,WA,http://www.acmefarmsandkitchen.com,box scheme,0,0,0,1,.,0,1,0,0,1,1,1,1,1,1,0,0,0,1,0,0,1,0,0,0,0,0,0,0,0,1,-122.20516,48.71706
Seattle Tilth,1,Seattle,WA,http://www.seattletilth.org/,.,1,1,0,0,non-profit,0,0,1,0,1,1,1,1,0,1,1,0,0,1,1,0,1,1,0,1,0,0,0,0,1,0,-122.32094,47.7253
21 Acres Center for Local Food and Sustainable Living Food Hub,1,Woodinville,WA,http://www.21acres.org/farm-to-table/regional-food-hub-at-21-acres,"food hub, aggregation, distribution",0,1,0,0,non-profit,0,0,1,0,1,0,0,0,0,0,0,0,0,1,1,0,0,0,0,0,0,0,0,0,1,0,-122.15889,47.75458
Shepard's Grain,1,Spokane,WA,http://www.shepherdsgrain.com/,multi-farm direct-to-wholesale food business chains,0,1,0,0,.,0,1,0,0,0,0,0,0,0,1,0,0,0,0,1,0,0,0,0,0,0,0,0,1,0,0,-117.42471,47.65886
Viva Farms,1,Mt. Vernon,WA,http://www.vivafarms.org/,.,0,1,0,0,.,0,0,1,0,1,0,0,0,0,0,0,0,0,1,1,0,0,0,0,0,1,0,0,0,0,0,-122.28064,48.4018
Growing Washington,1,Bellingham,WA,http://www.growingwashington.org/,.,1,0,0,0,.,0,0,1,0,1,0,0,1,1,0,0,0,0,1,1,0,0,0,0,0,0,0,0,0,1,0,-122.47886,48.7544
North Sound Food Hub,1,Mt. Vernon,WA,N/A,.,,,,,.,,,,,,,,,,,,,,,,,,,,,,,,,,,-122.32642,48.42005
Pudget Sound Food Hub,1,,WA,,,,,,,,,,,,,,,,,,,,,,,,,,,,,,,,,,-120.21261,47.28684
Driftless Co-Option,1,Viroqua,WI,https://foodclub.org/driftless_cooption/login,.,0,1,1,1,.,0,0,1,0,1,1,1,1,1,1,1,1,0,1,1,0,1,1,1,0,0,0,0,0,1,0,-90.88874,43.55692
Auburndale Food Cooperative,1,Auburndale,WI,http://localfoodmarketplace.com/auburndale/Default.aspx,local grocery; food co-op; online CSA,1,0,1,1,cooperative,0,0,1,0,1,1,1,0,0,1,0,0,1,1,0,0,0,0,0,0,0,0,0,0,1,1,-90.01137,44.62582
Appleton Food Hub,1,Appleton,WI,https://appleton.localorbit.com/users/sign_in,online wholesaler marketplace,0,1,0,1,non-profit,0,0,1,0,1,1,1,0,0,1,0,0,0,1,0,0,0,0,0,1,0,1,0,0,0,0,-88.40676,44.26113
Good Earth Farms,1,Milladore,WI,http://www.goodearthfarms.com/,multi-farm direct-to-consumer business chains,0,0,0,1,LLC,1,0,0,0,0,0,1,0,0,0,0,0,0,0,1,0,0,0,0,0,0,0,0,0,1,0,-89.85439,44.6037
Fifth Season Cooperative,1,Viroqua,WI,http://www.fifthseasoncoop.com,aggregator; wholesale distributor; farm-to-institution,0,1,1,0,"multi-stakeholder cooperative (producers, producer groups, processors, distributors, buyers and co-op workers)",0,1,0,0,1,1,1,1,0,1,1,1,0,1,1,0,0,1,1,0,1,0,0,0,1,0,-90.88874,43.55692
Cooperative Regions of Organic Producer Pools (CROPP) aka Organic Valley and Organic Prairie,1,Westby,WI,https://www.farmers.coop/about-us/,value-added food production,0,1,1,0,cooperative,1,0,0,0,1,1,1,1,0,0,0,0,0,1,1,1,0,1,1,0,0,0,0,0,1,0,-90.8543,43.65692
Wisconsin Food Hub Cooperative,1,Madison,WI,http://wifoodhub.com,aggregator; wholesale distributor,0,1,1,0,"multi-stakeholder cooperative (producers, founders, organizational partners, and community supporters)",0,0,1,0,1,1,1,0,0,1,1,0,0,1,0,0,0,0,0,0,0,1,0,0,0,0,-89.41079,42.6506
Bayfield Regional Food Producers Coop,1,Washburn,WI,http://bayfieldfoods.org,CSA; wholesaler; distributor; producers cooperative,1,0,1,0,member cooperative,0,0,1,0,1,1,1,1,1,0,1,0,0,1,0,0,0,0,0,0,0,0,0,0,0,0,-91.79717,45.89263
Chequamegon Food Co-op,1,Ashland,WI,http://chequamegonfoodcoop.com/,.,0,0,1,0,food cooperative,0,0,1,0,1,1,1,1,0,1,1,1,1,1,0,0,0,0,0,0,0,0,0,0,1,0,-90.88392,46.59276
"Neesvig's, Inc",1,Windsor,WI,http://neesvigs.co/,.,0,1,0,0,.,0,1,0,0,0,1,1,0,1,0,0,0,0,0,1,0,0,0,0,0,0,0,0,1,0,0,-89.34151,43.21833
Parrfection Produce,1,Albany,WI,http://parrfectionproduce.com/,.,0,1,0,0,.,0,0,1,0,1,0,0,0,0,0,0,0,0,1,0,0,0,0,0,0,0,0,0,0,0,0,-89.43683,42.70797
Wisconsin Home Harvest,1,Reedsburg,WI,http://www.neuerthwormfarm.com/,.,1,0,0,0,.,0,0,1,0,1,0,0,1,0,0,1,0,0,1,1,0,0,0,0,0,0,0,0,0,0,0,-90.00263,43.53248
Monroe Farm Market Cooperative,1,Union,WV,https://www.localfoodmarketplace.com/monroe/,.,0,0,1,1,.,0,0,1,0,1,0,1,1,0,1,0,1,1,1,1,0,0,0,0,0,0,1,0,0,0,0,-80.54341,37.59164
Fish Hawk Acres,1,Rock Cave,WV,http://www.wvfarm2u.org/On-the-Farm/Fish-Hawk-Acres.aspx,.,0,1,0,0,.,0,0,1,0,1,1,1,1,0,1,1,1,1,1,0,0,1,0,0,0,1,1,0,0,0,0,-80.34258,38.83677
High Plains Food Coop,1,Denver,CO,http://www.highplainsfood.org,retail exchange; aggregator; delivery,0,0,1,1,producer-consumer cooperative,,,,1,1,,0,1,0,1,,,1,1,1,,,,,,,,,,,,-104.9847,39.73915
Great Basin Community Food Cooperative/Distributors of Regional and Organic Produce and Products,1,Reno,NV,http://www.greatbasinfood.coop/,.,,,,,.,,,,,,,,,,,,,,,,,,,,,,,,,,,-119.81367,39.52927
Local Roots Market & Caf√© (Wooster Local Foods Cooperative),1,Wooster,OH,http://localrootswooster.com/,.,,1,0,0,cooperative,0,0,0,1,1,1,1,1,0,1,1,,1,1,1,0,1,0,0,0,0,1,0,0,0,0,-81.93514,40.80506
Fennimore Produce Auction,,Fennimore,WI,N/A,.,,,,,.,,,,,,,,,,,,,,,,,,,,,,,,,,,-90.6556,42.98362